{"t": [0.0, 0.008920497486216645, 0.09812547234838308, 0.3443622053737884, 0.7370627393877022, 1.2400764133564257, 1.9017461067207453, 2.717919279497288, 3.7230911570847054, 4.9341617458502425, 6.395681335987362, 8.159392657701558, 10.313811920779592, 12.983907448732667, 16.329840040075666, 20.342306368885065, 24.713170803886925, 29.335577071869434, 34.10123510618679, 38.9432580549332, 43.809267171384725, 48.6712456692981, 53.51691086560036, 58.347219771786754, 63.173961053301795, 68.01983274384233, 72.9262978632102, 77.9262978632102, 82.9262978632102, 87.9262978632102, 92.9262978632102, 97.52331121454088, 100.0],
"S": [100.0, 99.99873866927445, 99.98616879846048, 99.95183376943037, 99.8979015821185, 99.82965683349951, 99.7401619598362, 99.62855533711607, 99.4871748551062, 99.30871755303805, 99.07895612444695, 98.77770261029579, 98.36992571648045, 97.79663309456198, 96.95782269125179, 95.7477651149531, 94.13363761199234, 92.03589087147776, 89.39404518257959, 86.16288171570463, 82.33823508937745, 77.95989480417242, 73.11803665752572, 67.94695234010601, 62.60997608556299, 57.276864299702126, 52.09440763377214, 47.200874980077934, 42.8081858035231, 38.966936010798, 35.67756081217433, 33.111122216769985, 31.895528349052363],
"E": [0.0, 0.0012585216759943346, 0.013497008980360622, 0.04423430456113546, 0.08530372839095055, 0.1266629653082481, 0.16718833706667688, 0.2028660770303173, 0.23402542307385335, 0.261961484982456, 0.28987929620602804, 0.3215295117559964, 0.3616152061739, 0.4163219960797759, 0.4946935513247071, 0.6048375020991879, 0.7464802655556899, 0.9214509983226818, 1.1269529949160637, 1.3553912554584795, 1.592521792367661, 1.8185925494814297, 2.0105875226061967, 2.146362980489933, 2.2093081621527557, 2.191958743087796, 2.0969554041978657, 1.9362620309840508, 1.7341032926824107, 1.5138517431643064, 1.2948152130170478, 1.1058420736776011, 1.011217489343183],
"I": [1.0, 0.9993658330159688, 0.9933489526992664, 0.9796021197249832, 0.9652086497104242, 0.9575835513876708, 0.9612607194936541, 0.9806497888282341, 1.019156695695541, 1.0790111109865432, 1.1638821652689575, 1.2797042939710097, 1.438488465843711, 1.6619030923277522, 1.9873307150402582, 2.4530259856349113, 3.0669179339091124, 3.8515840235999863, 4.817138051586499, 5.960726308602163, 7.255345595867936, 8.648241770055852, 10.060072793520524, 11.39131850170417, 12.53431542302435, 13.38887038671788, 13.876952200949939, 13.949596901400524, 13.611448715970928, 12.925149584972914, 11.979888084968845, 10.965338629991193, 10.386684284544103],
"R": [0.0, 0.0006369760336102898, 0.006985239859898432, 0.024329806283516026, 0.05158603978014609, 0.08609664980456735, 0.13138898360347387, 0.18792879702538406, 0.2596430261244404, 0.3503098509929807, 0.4672824140780993, 0.6210635839772303, 0.829970611501967, 1.1251418170305196, 1.5601530423832664, 2.1943713973128363, 3.052964188542884, 4.191074106599599, 5.661863770917855, 7.521000720234747, 9.813897522386966, 12.573270876290307, 15.811303026347568, 19.51536617769989, 23.64640032925991, 28.14230657049221, 32.931684761080064, 37.9132660875375, 42.84626218782357, 47.59406266106479, 52.04773588983979, 55.81769707956122, 57.70656987706037]}
